name,approx_roster_start,approx_roster_end,source,source_url,image_url,local_path
Randy Couture,1997-05-30,2011-04-30,Wikipedia,https://en.wikipedia.org/wiki/Randy_Couture,https://upload.wikimedia.org/wikipedia/commons/7/73/Randy_Couture_by_Gage_Skidmore_2.jpg,downloaded_photos/old_fighters/randy-couture.jpg
Chuck Liddell,1998-05-15,2010-06-12,Wikipedia,https://en.wikipedia.org/wiki/Chuck_Liddell,https://upload.wikimedia.org/wikipedia/commons/4/48/Chuck_Liddell_in_Santa_Monica-California_2005_photo_by_Ithaka_Darin_Pappas.jpg,downloaded_photos/old_fighters/chuck-liddell.jpg
Tito Ortiz,1997-05-30,2012-07-07,Wikipedia,https://en.wikipedia.org/wiki/Tito_Ortiz,https://upload.wikimedia.org/wikipedia/commons/1/16/Tito_Ortiz.jpg,downloaded_photos/old_fighters/tito-ortiz.jpg
Ken Shamrock,1994-09-09,2006-10-10,Wikipedia,https://en.wikipedia.org/wiki/Ken_Shamrock,https://upload.wikimedia.org/wikipedia/commons/a/a9/Ken_Shamrock_2016_%28cropped%29.jpg,downloaded_photos/old_fighters/ken-shamrock.jpg
Royce Gracie,1994-03-11,2006-05-27,Wikipedia,https://en.wikipedia.org/wiki/Royce_Gracie,https://upload.wikimedia.org/wikipedia/commons/1/16/Royce_Gracie_Photo_Pose_4975753_%28cropped%29.jpg,downloaded_photos/old_fighters/royce-gracie.jpg
Mark Coleman,1996-07-12,2010-02-06,Wikipedia,https://en.wikipedia.org/wiki/Mark_Coleman,https://upload.wikimedia.org/wikipedia/commons/9/90/Mark_Coleman_At_TIFF_2025_02.jpg,downloaded_photos/old_fighters/mark-coleman.jpg
Frank Mir,2001-11-02,2016-03-19,Wikipedia,https://en.wikipedia.org/wiki/Frank_Mir,https://upload.wikimedia.org/wikipedia/commons/4/48/Frank_Mir_GCW_Bloodsport_%28cropped%29.jpg,downloaded_photos/old_fighters/frank-mir.jpg
Cain Velasquez,2008-04-19,2019-02-17,Wikipedia,https://en.wikipedia.org/wiki/Cain_Velasquez,https://upload.wikimedia.org/wikipedia/commons/7/7b/Cain_Velasquez.jpg,downloaded_photos/old_fighters/cain-velasquez.jpg
Fabricio Werdum,2007-04-21,2020-07-25,Wikipedia,https://en.wikipedia.org/wiki/Fabr%C3%ADcio_Werdum,https://upload.wikimedia.org/wikipedia/commons/8/8f/Fabr%C3%ADcio_Werdum_Web_Summit_Rio_2023.jpg,downloaded_photos/old_fighters/fabricio-werdum.jpg
Junior Dos Santos,2008-10-25,2020-12-12,Wikipedia,https://en.wikipedia.org/wiki/Junior_dos_Santos,https://upload.wikimedia.org/wikipedia/commons/d/db/Junior_dos_Santos.jpg,downloaded_photos/old_fighters/junior-dos-santos.jpg
Andrei Arlovski,2000-11-17,2024-06-29,Wikipedia,https://en.wikipedia.org/wiki/Andrei_Arlovski,https://upload.wikimedia.org/wikipedia/commons/5/5c/Andrei_Arlovski_2018.jpg,downloaded_photos/old_fighters/andrei-arlovski.jpg
Antonio Rodrigo Nogueira,2007-07-07,2015-08-01,Wikipedia,https://en.wikipedia.org/wiki/Ant%C3%B4nio_Rodrigo_Nogueira,https://upload.wikimedia.org/wikipedia/commons/0/0a/Antonio_Rodrigo_Nogueira_%22Minotauro%22_Paris_-_2004.JPG,downloaded_photos/old_fighters/antonio-rodrigo-nogueira.jpg
Shane Carwin,2008-05-24,2011-06-11,Wikipedia,https://en.wikipedia.org/wiki/Shane_Carwin,https://upload.wikimedia.org/wikipedia/commons/9/97/Shane_Carwin.JPG,downloaded_photos/old_fighters/shane-carwin.jpg
Kevin Randleman,1999-03-05,2002-01-11,Wikipedia,https://en.wikipedia.org/wiki/Kevin_Randleman,https://upload.wikimedia.org/wikipedia/commons/8/8c/Kevin_Randleman.jpg,downloaded_photos/old_fighters/kevin-randleman.jpg
Mark Hunt,2010-09-25,2018-12-01,Wikipedia,https://en.wikipedia.org/wiki/Mark_Hunt,https://upload.wikimedia.org/wikipedia/commons/d/d2/Mark_Hunt_on_22_November_2007.jpg,downloaded_photos/old_fighters/mark-hunt.jpg
Roy Nelson,2009-12-05,2017-04-15,Sherdog,https://www.sherdog.com/fighter/Roy-Nelson-10249,https://www.sherdog.com/image_crop/200/300/_images/fighter/20140729080337_1MG_4006.JPG,downloaded_photos/old_fighters/roy-nelson.jpg
Alistair Overeem,2011-12-30,2021-02-06,Wikipedia,https://en.wikipedia.org/wiki/Alistair_Overeem,https://upload.wikimedia.org/wikipedia/commons/6/63/Alistair_Overeem.png,downloaded_photos/old_fighters/alistair-overeem.jpg
Ben Rothwell,2009-10-24,2021-11-13,Wikipedia,https://en.wikipedia.org/wiki/Ben_Rothwell,https://upload.wikimedia.org/wikipedia/commons/d/d6/Ben_Rothwell_BKFC.jpg,downloaded_photos/old_fighters/ben-rothwell.jpg
Quinton Jackson,2007-02-03,2015-04-25,Wikipedia,https://en.wikipedia.org/wiki/Rampage_Jackson,https://upload.wikimedia.org/wikipedia/commons/8/89/02-09JUL2019_CNGB_USO_Tour_2019_190705-F-WH816-1016_%2848531457487%29_%28cropped%29.jpg,downloaded_photos/old_fighters/quinton-jackson.jpg
Forrest Griffin,2005-04-09,2012-07-07,Wikipedia,https://en.wikipedia.org/wiki/Forrest_Griffin,https://upload.wikimedia.org/wikipedia/commons/8/87/USMC-100809-M-6457M-001_CROPPED.jpg,downloaded_photos/old_fighters/forrest-griffin.jpg
Rashad Evans,2005-11-05,2018-06-09,Wikipedia,https://en.wikipedia.org/wiki/Rashad_Evans,https://upload.wikimedia.org/wikipedia/commons/0/0d/Rashad_Evans_joins_Fleet_Week_Miami_2024_%282%29_%28cropped%29.jpg,downloaded_photos/old_fighters/rashad-evans.jpg
Lyoto Machida,2007-02-03,2018-05-12,Wikipedia,https://en.wikipedia.org/wiki/Lyoto_Machida,https://upload.wikimedia.org/wikipedia/commons/7/7d/Lyoto_Machida_by_Marcos_Joel_Reis.jpg,downloaded_photos/old_fighters/lyoto-machida.jpg
Mauricio Rua,2007-09-22,2023-01-21,Wikipedia,https://en.wikipedia.org/wiki/Maur%C3%ADcio_Rua,https://upload.wikimedia.org/wikipedia/commons/e/e9/MauricioRua.png,downloaded_photos/old_fighters/mauricio-rua.jpg
Dan Henderson,1998-05-15,2016-10-08,Wikipedia,https://en.wikipedia.org/wiki/Dan_Henderson,https://upload.wikimedia.org/wikipedia/commons/8/8d/Dan_Henderson_2025_%28cropped%29.jpg,downloaded_photos/old_fighters/dan-henderson.jpg
Wanderlei Silva,1998-10-16,2013-03-02,Wikipedia,https://en.wikipedia.org/wiki/Wanderlei_Silva,https://upload.wikimedia.org/wikipedia/commons/2/2f/Wanderlei_Silva_-_Franz_no_MMA_%28cropped%29.jpg,downloaded_photos/old_fighters/wanderlei-silva.jpg
Vitor Belfort,1997-02-07,2018-05-12,Wikipedia,https://en.wikipedia.org/wiki/Vitor_Belfort,https://upload.wikimedia.org/wikipedia/commons/1/1f/Vitor_belfort_cropped.jpg,downloaded_photos/old_fighters/vitor-belfort.jpg
Anthony Johnson,2007-06-12,2017-04-08,Wikipedia,https://en.wikipedia.org/wiki/Anthony_Johnson_(fighter),https://upload.wikimedia.org/wikipedia/commons/3/3e/Anthony_johnson_MMA.jpg,downloaded_photos/old_fighters/anthony-johnson.jpg
Rich Franklin,2003-04-25,2012-11-10,Wikipedia,https://en.wikipedia.org/wiki/Rich_Franklin,https://upload.wikimedia.org/wikipedia/commons/6/63/RichFranklinphoto.png,downloaded_photos/old_fighters/rich-franklin.jpg
Keith Jardine,2005-11-05,2010-06-19,Wikipedia,https://en.wikipedia.org/wiki/Keith_Jardine,https://upload.wikimedia.org/wikipedia/commons/d/dd/Keith_Jardine_-_UFC_100_Fan_Expo_-_Mandalay_Bay_Casino%2C_Las_Vegas_%28crop%29.jpg,downloaded_photos/old_fighters/keith-jardine.jpg
Renato Sobral,2000-11-17,2007-08-25,Wikipedia,https://en.wikipedia.org/wiki/Renato_Sobral,https://upload.wikimedia.org/wikipedia/commons/9/9e/Renato_%22Babalu%22_Sobral.jpg,downloaded_photos/old_fighters/renato-sobral.jpg
Anderson Silva,2006-06-28,2020-10-31,Wikipedia,https://en.wikipedia.org/wiki/Anderson_Silva,https://upload.wikimedia.org/wikipedia/commons/a/a2/Anderson_Silva.png,downloaded_photos/old_fighters/anderson-silva.jpg
Chael Sonnen,2005-10-07,2013-11-16,Wikipedia,https://en.wikipedia.org/wiki/Chael_Sonnen,https://upload.wikimedia.org/wikipedia/commons/5/53/Meet_and_Greet_with_Special_MMA_Clinic_%282%29.jpg,downloaded_photos/old_fighters/chael-sonnen.jpg
Michael Bisping,2006-06-24,2017-11-25,Wikipedia,https://en.wikipedia.org/wiki/Michael_Bisping,https://upload.wikimedia.org/wikipedia/commons/1/11/MichaelBispingProfile.png,downloaded_photos/old_fighters/michael-bisping.jpg
Nate Marquardt,2005-08-06,2017-11-11,Wikipedia,https://en.wikipedia.org/wiki/Nate_Marquardt,https://upload.wikimedia.org/wikipedia/commons/8/8a/Nate-Marquardt.jpg,downloaded_photos/old_fighters/nate-marquardt.jpg
Yushin Okami,2006-08-26,2018-12-01,Sherdog,https://www.sherdog.com/fighter/Yushin-Okami-5569,https://www.sherdog.com/image_crop/200/300/_images/fighter/20241130010938_Yushin_Okami.JPG,downloaded_photos/old_fighters/yushin-okami.jpg
Luke Rockhold,2013-05-18,2022-08-20,Wikipedia,https://en.wikipedia.org/wiki/Luke_Rockhold,https://upload.wikimedia.org/wikipedia/commons/3/3c/Luke_Rockhold_2025.jpg,downloaded_photos/old_fighters/luke-rockhold.jpg
Tim Boetsch,2008-02-02,2019-03-09,Sherdog,https://www.sherdog.com/fighter/Tim-Boetsch-19544,https://www.sherdog.com/image_crop/200/300/_images/fighter/20140413031004_IMG_4323.JPG,downloaded_photos/old_fighters/tim-boetsch.jpg
Georges St-Pierre,2004-01-31,2017-11-04,Wikipedia,https://en.wikipedia.org/wiki/Georges_St-Pierre,https://upload.wikimedia.org/wikipedia/commons/e/eb/2021_-_Centre_Stage_DG4_5765_%2851654942080%29_%28cropped%29.jpg,downloaded_photos/old_fighters/georges-st-pierre.jpg
Matt Hughes,1999-09-24,2011-09-24,Wikipedia,https://en.wikipedia.org/wiki/Matt_Hughes_(fighter),https://upload.wikimedia.org/wikipedia/commons/2/27/Matt_Hughes_%28cropped%29.png,downloaded_photos/old_fighters/matt-hughes.jpg
Matt Serra,2001-05-04,2010-09-25,Wikipedia,https://en.wikipedia.org/wiki/Matt_Serra,https://upload.wikimedia.org/wikipedia/commons/e/e6/Matt_Serra_2024.png,downloaded_photos/old_fighters/matt-serra.jpg
BJ Penn,2001-05-04,2019-05-11,Wikipedia,https://en.wikipedia.org/wiki/B.J._Penn,https://upload.wikimedia.org/wikipedia/commons/2/29/B.J._Penn%2C_2019.jpg,downloaded_photos/old_fighters/bj-penn.jpg
Nick Diaz,2003-09-26,2021-09-25,Wikipedia,https://en.wikipedia.org/wiki/Nick_Diaz,https://upload.wikimedia.org/wikipedia/commons/5/5b/Nick_Diaz.png,downloaded_photos/old_fighters/nick-diaz.jpg
Carlos Condit,2009-04-01,2021-07-10,Wikipedia,https://en.wikipedia.org/wiki/Carlos_Condit,https://upload.wikimedia.org/wikipedia/commons/b/b1/Carloscondit.jpg,downloaded_photos/old_fighters/carlos-condit.jpg
Robbie Lawler,2002-05-10,2023-07-08,Wikipedia,https://en.wikipedia.org/wiki/Robbie_Lawler,https://upload.wikimedia.org/wikipedia/commons/1/12/Robbie_Lawler.png,downloaded_photos/old_fighters/robbie-lawler.jpg
Johny Hendricks,2009-08-08,2017-11-04,Wikipedia,https://en.wikipedia.org/wiki/Johny_Hendricks,https://upload.wikimedia.org/wikipedia/commons/1/1b/Johny_Hendricks_MMA.jpg,downloaded_photos/old_fighters/johny-hendricks.jpg
Jake Shields,2010-10-23,2014-03-15,Wikipedia,https://en.wikipedia.org/wiki/Jake_Shields,https://upload.wikimedia.org/wikipedia/commons/9/9d/Jake_Shields.jpg,downloaded_photos/old_fighters/jake-shields.jpg
Josh Koscheck,2005-04-09,2015-03-21,Wikipedia,https://en.wikipedia.org/wiki/Josh_Koscheck,https://upload.wikimedia.org/wikipedia/commons/8/83/JoshKoscheck.png,downloaded_photos/old_fighters/josh-koscheck.jpg
Diego Sanchez,2005-04-09,2020-09-26,Wikipedia,https://en.wikipedia.org/wiki/Diego_Sanchez,https://upload.wikimedia.org/wikipedia/commons/5/59/DiegoSanchez.png,downloaded_photos/old_fighters/diego-sanchez.jpg
Thiago Alves,2005-10-03,2019-12-07,Wikipedia,https://en.wikipedia.org/wiki/Thiago_Alves_(fighter),https://upload.wikimedia.org/wikipedia/commons/9/9c/Thiago_Alves.JPG,downloaded_photos/old_fighters/thiago-alves.jpg
Dan Hardy,2008-10-18,2012-09-29,Wikipedia,https://en.wikipedia.org/wiki/Dan_Hardy,https://upload.wikimedia.org/wikipedia/commons/5/53/Dan_Hardy.jpg,downloaded_photos/old_fighters/dan-hardy.jpg
Martin Kampmann,2006-08-17,2013-08-28,Wikipedia,https://en.wikipedia.org/wiki/Martin_Kampmann,https://upload.wikimedia.org/wikipedia/commons/1/15/Martin_Kampmann_after_fight.png,downloaded_photos/old_fighters/martin-kampmann.jpg
Frankie Edgar,2007-02-03,2022-11-12,Wikipedia,https://en.wikipedia.org/wiki/Frankie_Edgar,https://upload.wikimedia.org/wikipedia/commons/0/08/Frankie_Edgar.jpg,downloaded_photos/old_fighters/frankie-edgar.jpg
Gray Maynard,2007-06-23,2018-10-06,Wikipedia,https://en.wikipedia.org/wiki/Gray_Maynard,https://upload.wikimedia.org/wikipedia/commons/2/25/Graymaynard.jpg,downloaded_photos/old_fighters/gray-maynard.jpg
Kenny Florian,2005-04-09,2011-10-08,Wikipedia,https://en.wikipedia.org/wiki/Kenny_Florian,https://upload.wikimedia.org/wikipedia/commons/f/f1/Kenny_Florian_wearing_Ranger_Up_Geardo_shirt.jpg,downloaded_photos/old_fighters/kenny-florian.jpg
Jens Pulver,1999-09-24,2007-06-23,Wikipedia,https://en.wikipedia.org/wiki/Jens_Pulver,https://upload.wikimedia.org/wikipedia/commons/1/13/Jens_Pulver_at_UFC_-_Neer_vs_Diaz_2013-12-03_22-51.jpg,downloaded_photos/old_fighters/jens-pulver.jpg
Sean Sherk,2001-02-23,2010-09-25,Wikipedia,https://en.wikipedia.org/wiki/Sean_Sherk,https://upload.wikimedia.org/wikipedia/commons/7/70/Sean-sherk.jpg,downloaded_photos/old_fighters/sean-sherk.jpg
Melvin Guillard,2005-11-05,2014-03-08,Wikipedia,https://en.wikipedia.org/wiki/Melvin_Guillard,https://upload.wikimedia.org/wikipedia/commons/c/c0/Melvinguillard.jpg,downloaded_photos/old_fighters/melvin-guillard.jpg
Eddie Alvarez,2014-09-27,2018-07-28,Wikipedia,https://en.wikipedia.org/wiki/Eddie_Alvarez,https://upload.wikimedia.org/wikipedia/commons/0/06/Eddie_Alvarez.jpg,downloaded_photos/old_fighters/eddie-alvarez.jpg
Gilbert Melendez,2013-04-20,2019-07-06,Wikipedia,https://en.wikipedia.org/wiki/Gilbert_Melendez,https://upload.wikimedia.org/wikipedia/commons/1/12/Gilbert_Melendez.jpg,downloaded_photos/old_fighters/gilbert-melendez.jpg
Clay Guida,2006-10-14,2024-12-07,Wikipedia,https://en.wikipedia.org/wiki/Clay_Guida,https://upload.wikimedia.org/wikipedia/commons/a/a2/Clay_Guida.png,downloaded_photos/old_fighters/clay-guida.jpg
Donald Cerrone,2011-02-05,2022-07-02,Wikipedia,https://en.wikipedia.org/wiki/Donald_Cerrone,https://thumb.wikimedia.org/wikipedia/commons/thumb/1/13/VCJCS_hosts_USO_Spring_Tour_160312-D-HU462-263.jpg/3840px-VCJCS_hosts_USO_Spring_Tour_160312-D-HU462-263.jpg,downloaded_photos/old_fighters/donald-cerrone.jpg
Jose Aldo,2011-04-30,2025-05-10,Wikipedia,https://en.wikipedia.org/wiki/Jos%C3%A9_Aldo,https://upload.wikimedia.org/wikipedia/commons/9/9d/Jos%C3%A9_Aldo%2C_UFC_189_World_Tour_London_%282%29_%28cropped%29.jpg,downloaded_photos/old_fighters/jose-aldo.jpg
Urijah Faber,2011-03-19,2019-12-14,Wikipedia,https://en.wikipedia.org/wiki/Urijah_Faber,https://upload.wikimedia.org/wikipedia/commons/c/c9/Urijah_Faber_24_July_2009.jpg,downloaded_photos/old_fighters/urijah-faber.jpg
Chad Mendes,2011-02-05,2018-12-29,Wikipedia,https://en.wikipedia.org/wiki/Chad_Mendes,https://upload.wikimedia.org/wikipedia/commons/3/3b/Chad_Mendes.jpeg,downloaded_photos/old_fighters/chad-mendes.jpg
Cub Swanson,2011-11-12,2026-04-11,Wikipedia,https://en.wikipedia.org/wiki/Cub_Swanson,https://thumb.wikimedia.org/wikipedia/commons/thumb/9/9a/CubSwanson04202017.jpg/1920px-CubSwanson04202017.jpg,downloaded_photos/old_fighters/cub-swanson.jpg
Dennis Siver,2007-04-21,2017-06-25,Wikipedia,https://en.wikipedia.org/wiki/Dennis_Siver,https://upload.wikimedia.org/wikipedia/commons/1/1e/Dennis_siver_ufc_mma_fighter_germany.JPG,downloaded_photos/old_fighters/dennis-siver.jpg
Dominick Cruz,2011-07-02,2022-08-13,Wikipedia,https://en.wikipedia.org/wiki/Dominick_Cruz,https://upload.wikimedia.org/wikipedia/commons/1/13/Dom_Cruz_2.png,downloaded_photos/old_fighters/dominick-cruz.jpg
Renan Barao,2011-05-28,2019-11-16,Wikipedia,https://en.wikipedia.org/wiki/Renan_Bar%C3%A3o,https://upload.wikimedia.org/wikipedia/commons/0/01/UFC_173_Renan_Barao_Media_Day_Interview_-_YouTube_-_0-0-10_%28cropped%29.jpg,downloaded_photos/old_fighters/renan-barao.jpg
Demetrious Johnson,2011-02-05,2018-08-04,Wikipedia,https://en.wikipedia.org/wiki/Demetrious_Johnson,https://upload.wikimedia.org/wikipedia/commons/a/a6/Demetrious_Johnson_2024.png,downloaded_photos/old_fighters/demetrious-johnson.jpg
John Dodson,2011-12-03,2020-08-15,Sherdog,https://www.sherdog.com/fighter/John-Dodson-11660,https://www.sherdog.com/image_crop/200/300/_images/fighter/20130127012201_john_dodson.JPG,downloaded_photos/old_fighters/john-dodson.jpg
Ian McCall,2012-03-02,2015-01-31,Wikipedia,https://en.wikipedia.org/wiki/Ian_McCall_(fighter),https://upload.wikimedia.org/wikipedia/commons/7/7c/Ian_McCall_%28cropped%29.jpg,downloaded_photos/old_fighters/ian-mccall.jpg
Miguel Torres,2011-02-05,2012-04-21,Sherdog,https://www.sherdog.com/fighter/Miguel-Torres-3006,https://www.sherdog.com/image_crop/200/300/_images/fighter/20081018053856_torres.JPG,downloaded_photos/old_fighters/miguel-torres.jpg
Michael McDonald,2011-03-26,2016-07-13,Sherdog,https://www.sherdog.com/fighter/Michael-McDonald-30297,https://www.sherdog.com/image_crop/200/300/_images/fighter/20140420045705_1MG_7329.JPG,downloaded_photos/old_fighters/michael-mcdonald.jpg
Ronda Rousey,2013-02-23,2016-12-30,Wikipedia,https://en.wikipedia.org/wiki/Ronda_Rousey,https://upload.wikimedia.org/wikipedia/commons/2/25/Rousey_HOF_2018_%28cropped%29.jpg,downloaded_photos/old_fighters/ronda-rousey.jpg
Cristiane Justino,2016-05-14,2019-07-27,Wikipedia,https://en.wikipedia.org/wiki/Cris_Cyborg,https://upload.wikimedia.org/wikipedia/commons/6/61/Cris_Cyborg_-_SDCC_2023.jpg,downloaded_photos/old_fighters/cristiane-justino.jpg
Liz Carmouche,2013-02-23,2019-08-10,Wikipedia,https://en.wikipedia.org/wiki/Liz_Carmouche,https://upload.wikimedia.org/wikipedia/commons/f/f9/Liz_carmouche.jpg,downloaded_photos/old_fighters/liz-carmouche.jpg
Sara McMann,2013-04-27,2022-03-26,Wikipedia,https://en.wikipedia.org/wiki/Sara_McMann,https://upload.wikimedia.org/wikipedia/commons/4/45/Sara_McMann_%28adjusted%29.jpg,downloaded_photos/old_fighters/sara-mcmann.jpg
Dan Severn,1994-12-16,2000-09-22,Wikipedia,https://en.wikipedia.org/wiki/Dan_Severn,https://upload.wikimedia.org/wikipedia/commons/9/97/Frank_Mir_vs_Dan_Severn_%28cropped%29.jpg,downloaded_photos/old_fighters/dan-severn.jpg
Don Frye,1996-02-16,1996-12-07,Sherdog,https://www.sherdog.com/fighter/Don-Frye-124,https://www.sherdog.com/image_crop/200/300/_images/fighter/135891774520080817123344_IMG_2689.JPG,downloaded_photos/old_fighters/don-frye.jpg
Pedro Rizzo,1998-10-16,2003-11-21,Wikipedia,https://en.wikipedia.org/wiki/Pedro_Rizzo,https://upload.wikimedia.org/wikipedia/commons/2/28/Pedro_Rizzo_2012.jpg,downloaded_photos/old_fighters/pedro-rizzo.jpg
Pat Miletich,1998-03-13,2002-03-22,Wikipedia,https://en.wikipedia.org/wiki/Pat_Miletich,https://upload.wikimedia.org/wikipedia/commons/5/5e/PatMiletich.png,downloaded_photos/old_fighters/pat-miletich.jpg
Carlos Newton,1998-05-15,2004-01-31,Wikipedia,https://en.wikipedia.org/wiki/Carlos_Newton,https://upload.wikimedia.org/wikipedia/commons/e/e9/Carlos_Newton.jpg,downloaded_photos/old_fighters/carlos-newton.jpg
Jeremy Horn,1998-05-15,2009-01-17,Wikipedia,https://en.wikipedia.org/wiki/Jeremy_Horn,https://upload.wikimedia.org/wikipedia/commons/3/3b/Jeremy_Horn.jpg,downloaded_photos/old_fighters/jeremy-horn.jpg
Maurice Smith,1997-07-27,2000-11-17,Wikipedia,https://en.wikipedia.org/wiki/Maurice_Smith_(fighter),https://upload.wikimedia.org/wikipedia/commons/1/15/Maurice_Smith_1999.jpg,downloaded_photos/old_fighters/maurice-smith.jpg
Marco Ruas,1995-09-08,1999-07-16,Wikipedia,https://en.wikipedia.org/wiki/Marco_Ruas,https://upload.wikimedia.org/wikipedia/commons/b/b0/Marco_Ruas_publicity_shot_crop.jpg,downloaded_photos/old_fighters/marco-ruas.jpg
Kazushi Sakuraba,1997-12-21,1997-12-21,Wikipedia,https://en.wikipedia.org/wiki/Kazushi_Sakuraba,https://upload.wikimedia.org/wikipedia/commons/f/fd/20230122saku1.jpg,downloaded_photos/old_fighters/kazushi-sakuraba.jpg
Frank Shamrock,1997-12-21,1999-09-24,Wikipedia,https://en.wikipedia.org/wiki/Frank_Shamrock,https://upload.wikimedia.org/wikipedia/commons/7/7d/Frank_Shamrock.jpg,downloaded_photos/old_fighters/frank-shamrock.jpg
Bas Rutten,1999-01-08,1999-05-07,Wikipedia,https://en.wikipedia.org/wiki/Bas_Rutten,https://upload.wikimedia.org/wikipedia/commons/7/75/Bas_Rutten.jpg,downloaded_photos/old_fighters/bas-rutten.jpg
Gary Goodridge,1996-02-16,1999-03-05,Sherdog,https://www.sherdog.com/fighter/Gary-Goodridge-129,https://www.sherdog.com/image_crop/200/300/_images/fighter/20141224115951_IMG_0240.JPG,downloaded_photos/old_fighters/gary-goodridge.jpg
Guy Mezger,1994-12-16,1999-03-05,Sherdog,https://www.sherdog.com/fighter/Guy-Mezger-14,https://www.sherdog.com/image_crop/200/300/_images/fighter/20141225070113_mezger.JPG,downloaded_photos/old_fighters/guy-mezger.jpg
Jeff Monson,2000-09-22,2006-11-18,Wikipedia,https://en.wikipedia.org/wiki/Jeff_Monson,https://upload.wikimedia.org/wikipedia/commons/5/59/Jeff_Monson.jpg,downloaded_photos/old_fighters/jeff-monson.jpg
Josh Barnett,2000-11-17,2016-09-03,Wikipedia,https://en.wikipedia.org/wiki/Josh_Barnett,https://upload.wikimedia.org/wikipedia/commons/a/ae/Josh_Barnett_in_April_2024.jpg,downloaded_photos/old_fighters/josh-barnett.jpg
Brendan Schaub,2009-12-05,2014-12-06,Wikipedia,https://en.wikipedia.org/wiki/Brendan_Schaub,https://upload.wikimedia.org/wikipedia/commons/5/52/Brendan_Schaub%2C_co-host_of_%22The_Fighter_and_the_Kid%22_Podcast.jpg,downloaded_photos/old_fighters/brendan-schaub.jpg
Todd Duffee,2009-08-29,2019-09-14,Wikipedia,https://en.wikipedia.org/wiki/Todd_Duffee,https://upload.wikimedia.org/wikipedia/commons/3/35/Todd_Image_%28cropped%29.jpg,downloaded_photos/old_fighters/todd-duffee.jpg
Gabriel Gonzaga,2005-11-19,2016-04-10,Wikipedia,https://en.wikipedia.org/wiki/Gabriel_Gonzaga,https://upload.wikimedia.org/wikipedia/commons/c/ce/GabrielGonzaga2.png,downloaded_photos/old_fighters/gabriel-gonzaga.jpg
Rich Clementi,2003-02-28,2009-02-07,Wikipedia,https://en.wikipedia.org/wiki/Rich_Clementi,https://upload.wikimedia.org/wikipedia/en/a/a3/Rich_Clementi_%40_UFC_69.jpg,downloaded_photos/old_fighters/rich-clementi.jpg
Yves Edwards,2001-09-28,2014-11-22,Wikipedia,https://en.wikipedia.org/wiki/Yves_Edwards,https://upload.wikimedia.org/wikipedia/commons/3/30/Dan_Hellie%2C_Dana_White_and_Yves_Edwards.jpg,downloaded_photos/old_fighters/yves-edwards.jpg
Spencer Fisher,2005-10-03,2012-06-22,Wikipedia,https://en.wikipedia.org/wiki/Spencer_Fisher,https://upload.wikimedia.org/wikipedia/commons/a/ad/Spencer_The_King_Fisher.jpg,downloaded_photos/old_fighters/spencer-fisher.jpg
Hermes Franca,2003-04-25,2009-09-19,Wikipedia,https://en.wikipedia.org/wiki/Hermes_Fran%C3%A7a,https://upload.wikimedia.org/wikipedia/commons/c/ce/HermesFranca.png,downloaded_photos/old_fighters/hermes-franca.jpg
Joe Lauzon,2006-09-23,2019-10-18,Wikipedia,https://en.wikipedia.org/wiki/Joe_Lauzon,https://upload.wikimedia.org/wikipedia/commons/e/ea/JLauzon.jpg,downloaded_photos/old_fighters/joe-lauzon.jpg
Jim Miller,2008-10-18,2026-05-09,Wikipedia,https://en.wikipedia.org/wiki/Jim_Miller_(fighter),https://upload.wikimedia.org/wikipedia/commons/e/e5/Jim.miller.2.jpg,downloaded_photos/old_fighters/jim-miller.jpg
Nate Diaz,2007-06-23,2022-09-10,Wikipedia,https://en.wikipedia.org/wiki/Nate_Diaz,https://upload.wikimedia.org/wikipedia/commons/1/13/Nate_Diaz_Oct_2019.jpg,downloaded_photos/old_fighters/nate-diaz.jpg
Holly Holm,2015-02-28,2024-04-13,Wikipedia,https://en.wikipedia.org/wiki/Holly_Holm,https://upload.wikimedia.org/wikipedia/commons/f/f1/Holly_Holm_at_UFC_246.jpg,downloaded_photos/old_fighters/holly-holm.jpg
Germaine de Randamie,2013-07-27,2024-04-06,Wikipedia,https://en.wikipedia.org/wiki/Germaine_de_Randamie,https://upload.wikimedia.org/wikipedia/commons/a/a5/Germaine_de_Randamie_at_UFC_Copenhagen.jpg,downloaded_photos/old_fighters/germaine-de-randamie.jpg
