event_name,event_date,location,event_url,fight_url,fighter_1,fighter_2,winner,weight_class,method,method_detail,round,time
UFC Fight Night: Rosas Jr. vs. Barcelos,"September 26, 2026","Las Vegas, Nevada, USA",http://ufcstats.com/event-details/7e654edcddd71550,http://ufcstats.com/fight-details/0e55d8a3d7a73912,Raul Rosas Jr.,Raoni Barcelos,,Bantamweight,,,,
UFC Fight Night: Rosas Jr. vs. Barcelos,"September 26, 2026","Las Vegas, Nevada, USA",http://ufcstats.com/event-details/7e654edcddd71550,http://ufcstats.com/fight-details/5a5395d939bb3ff3,Rodolfo Vieira,Robert Bryczek,,Middleweight,,,,
UFC Fight Night: Rosas Jr. vs. Barcelos,"September 26, 2026","Las Vegas, Nevada, USA",http://ufcstats.com/event-details/7e654edcddd71550,http://ufcstats.com/fight-details/3a70ed81e5611d24,Mahammadali Osmanli,Ilimbek Akylbek,,Bantamweight,,,,
UFC Fight Night: Rosas Jr. vs. Barcelos,"September 26, 2026","Las Vegas, Nevada, USA",http://ufcstats.com/event-details/7e654edcddd71550,http://ufcstats.com/fight-details/7bff1b7a45666e98,Melissa Amaya,Tina Black,,Women's Strawweight,,,,
UFC Fight Night: Rosas Jr. vs. Barcelos,"September 26, 2026","Las Vegas, Nevada, USA",http://ufcstats.com/event-details/7e654edcddd71550,http://ufcstats.com/fight-details/29423f522e76f12e,Brady Hiestand,Rinya Nakamura,,Bantamweight,,,,
UFC Fight Night: Rosas Jr. vs. Barcelos,"September 26, 2026","Las Vegas, Nevada, USA",http://ufcstats.com/event-details/7e654edcddd71550,http://ufcstats.com/fight-details/30b73c201daa089c,Rodolfo Bellato,Christian Edwards,,Light Heavyweight,,,,
UFC Fight Night: Rosas Jr. vs. Barcelos,"September 26, 2026","Las Vegas, Nevada, USA",http://ufcstats.com/event-details/7e654edcddd71550,http://ufcstats.com/fight-details/15d95453729f4c2c,Elves Brener,Josiah Harrell,,Lightweight,,,,
UFC Fight Night: Rosas Jr. vs. Barcelos,"September 26, 2026","Las Vegas, Nevada, USA",http://ufcstats.com/event-details/7e654edcddd71550,http://ufcstats.com/fight-details/9037b26e92e25357,Montel Jackson,Ricky Simon,,Bantamweight,,,,
UFC Fight Night: Rosas Jr. vs. Barcelos,"September 26, 2026","Las Vegas, Nevada, USA",http://ufcstats.com/event-details/7e654edcddd71550,http://ufcstats.com/fight-details/5e5d01e437bced71,Norma Dumont,Ailin Perez,,Women's Bantamweight,,,,
UFC Fight Night: Rosas Jr. vs. Barcelos,"September 26, 2026","Las Vegas, Nevada, USA",http://ufcstats.com/event-details/7e654edcddd71550,http://ufcstats.com/fight-details/577011f3bbcf7f91,John Castaneda,Alatengheili,,Bantamweight,,,,
UFC Fight Night: Rosas Jr. vs. Barcelos,"September 26, 2026","Las Vegas, Nevada, USA",http://ufcstats.com/event-details/7e654edcddd71550,http://ufcstats.com/fight-details/d86c5c7f1055784a,Mickey Gall,Sedriques Dumas,,Middleweight,,,,
UFC Fight Night: Rosas Jr. vs. Barcelos,"September 26, 2026","Las Vegas, Nevada, USA",http://ufcstats.com/event-details/7e654edcddd71550,http://ufcstats.com/fight-details/f34e58d365bb37b1,Vanessa Demopoulos,Yazmin Jauregui,,Women's Strawweight,,,,
UFC 332: Silva vs. Wang,"October 03, 2026","Salt Lake City, Utah, USA",http://ufcstats.com/event-details/ad3fdba28a7540cf,http://ufcstats.com/fight-details/3f804eec9183e597,Natalia Silva,Wang Cong,,Women's Flyweight,,,,
UFC 332: Silva vs. Wang,"October 03, 2026","Salt Lake City, Utah, USA",http://ufcstats.com/event-details/ad3fdba28a7540cf,http://ufcstats.com/fight-details/514366f770553cc9,Deiveson Figueiredo,Payton Talbott,,Bantamweight,,,,
UFC 332: Silva vs. Wang,"October 03, 2026","Salt Lake City, Utah, USA",http://ufcstats.com/event-details/ad3fdba28a7540cf,http://ufcstats.com/fight-details/c93d7f60674df307,King Green,Esteban Ribovics,,Lightweight,,,,
UFC 332: Silva vs. Wang,"October 03, 2026","Salt Lake City, Utah, USA",http://ufcstats.com/event-details/ad3fdba28a7540cf,http://ufcstats.com/fight-details/a7c8722ad85eee5f,Roberto Soldic,Khaos Williams,,Welterweight,,,,
UFC 332: Silva vs. Wang,"October 03, 2026","Salt Lake City, Utah, USA",http://ufcstats.com/event-details/ad3fdba28a7540cf,http://ufcstats.com/fight-details/ec45db01699c4b05,Ateba Gautier,Roman Kopylov,,Middleweight,,,,
UFC 332: Silva vs. Wang,"October 03, 2026","Salt Lake City, Utah, USA",http://ufcstats.com/event-details/ad3fdba28a7540cf,http://ufcstats.com/fight-details/54bbe6d1eb248128,Imanol Rodriguez,Alden Coria,,Flyweight,,,,
UFC 332: Silva vs. Wang,"October 03, 2026","Salt Lake City, Utah, USA",http://ufcstats.com/event-details/ad3fdba28a7540cf,http://ufcstats.com/fight-details/31b85cd63fb291ed,Damian Pinas,Andrey Pulyaev,,Middleweight,,,,
UFC 332: Silva vs. Wang,"October 03, 2026","Salt Lake City, Utah, USA",http://ufcstats.com/event-details/ad3fdba28a7540cf,http://ufcstats.com/fight-details/04ab4d29ca4040f7,Marcus McGhee,Benardo Sopaj,,Bantamweight,,,,
UFC 332: Silva vs. Wang,"October 03, 2026","Salt Lake City, Utah, USA",http://ufcstats.com/event-details/ad3fdba28a7540cf,http://ufcstats.com/fight-details/bd673bf80b95d350,Anthony Wint,Lucas Armand,,Heavyweight,,,,
UFC 332: Silva vs. Wang,"October 03, 2026","Salt Lake City, Utah, USA",http://ufcstats.com/event-details/ad3fdba28a7540cf,http://ufcstats.com/fight-details/e92092a37dc1cfc8,Johnny Walker,Mick Parkin,,Heavyweight,,,,
UFC 332: Silva vs. Wang,"October 03, 2026","Salt Lake City, Utah, USA",http://ufcstats.com/event-details/ad3fdba28a7540cf,http://ufcstats.com/fight-details/d0d2339f56681707,Rafael Dos Anjos,Alexander Hernandez,,Lightweight,,,,
UFC 332: Silva vs. Wang,"October 03, 2026","Salt Lake City, Utah, USA",http://ufcstats.com/event-details/ad3fdba28a7540cf,http://ufcstats.com/fight-details/bf93e735845cb960,Marvin Vettori,Ismail Naurdiev,,Middleweight,,,,
UFC 332: Silva vs. Wang,"October 03, 2026","Salt Lake City, Utah, USA",http://ufcstats.com/event-details/ad3fdba28a7540cf,http://ufcstats.com/fight-details/e87db876810cbc3c,Court McGee,Eric Nolan,,Welterweight,,,,
UFC Fight Night: Allen vs. Duncan,"October 10, 2026","Las Vegas, Nevada, USA",http://ufcstats.com/event-details/7f98d9d5a10fa25c,http://ufcstats.com/fight-details/7db1a3dac7e343e7,Brendan Allen,Christian Leroy Duncan,,Middleweight,,,,
UFC Fight Night: Buckley vs. Malott,"October 17, 2026","Edmonton, Alberta, Canada",http://ufcstats.com/event-details/55e94a9b525dcf45,http://ufcstats.com/fight-details/c20c949ceba035f3,Joaquin Buckley,Mike Malott,,Welterweight,,,,
UFC Fight Night: Buckley vs. Malott,"October 17, 2026","Edmonton, Alberta, Canada",http://ufcstats.com/event-details/55e94a9b525dcf45,http://ufcstats.com/fight-details/16f8c3c83d56a25a,Erin Blanchfield,Jasmine Jasudavicius,,Women's Flyweight,,,,
UFC Fight Night: Buckley vs. Malott,"October 17, 2026","Edmonton, Alberta, Canada",http://ufcstats.com/event-details/55e94a9b525dcf45,http://ufcstats.com/fight-details/3f8c17d553845f70,Kyle Nelson,Cristian Perez,,Lightweight,,,,
UFC Fight Night: Buckley vs. Malott,"October 17, 2026","Edmonton, Alberta, Canada",http://ufcstats.com/event-details/55e94a9b525dcf45,http://ufcstats.com/fight-details/250651ba9f60e12f,Marc-Andre Barriault,Kyle Daukaus,,Middleweight,,,,
UFC Fight Night: Buckley vs. Malott,"October 17, 2026","Edmonton, Alberta, Canada",http://ufcstats.com/event-details/55e94a9b525dcf45,http://ufcstats.com/fight-details/5192be72d199804c,Louis Jourdain,Timmy Cuamba,,Bantamweight,,,,
UFC Fight Night: Buckley vs. Malott,"October 17, 2026","Edmonton, Alberta, Canada",http://ufcstats.com/event-details/55e94a9b525dcf45,http://ufcstats.com/fight-details/49707683a6ebf34c,Mandel Nallo,Nate Landwehr,,Lightweight,,,,
UFC Fight Night: Buckley vs. Malott,"October 17, 2026","Edmonton, Alberta, Canada",http://ufcstats.com/event-details/55e94a9b525dcf45,http://ufcstats.com/fight-details/856716a6ee05e0ca,Tanner Boser,Jhonata Diniz,,Heavyweight,,,,
UFC Fight Night: Buckley vs. Malott,"October 17, 2026","Edmonton, Alberta, Canada",http://ufcstats.com/event-details/55e94a9b525dcf45,http://ufcstats.com/fight-details/90e5b1dbfd82d6f0,Julien Leblanc,Gilbert Urbina,,Middleweight,,,,
UFC Fight Night: Buckley vs. Malott,"October 17, 2026","Edmonton, Alberta, Canada",http://ufcstats.com/event-details/55e94a9b525dcf45,http://ufcstats.com/fight-details/627a2fec634d8b95,Javad Mahjoub,Louie Sutherland,,Heavyweight,,,,
UFC Fight Night: Buckley vs. Malott,"October 17, 2026","Edmonton, Alberta, Canada",http://ufcstats.com/event-details/55e94a9b525dcf45,http://ufcstats.com/fight-details/fd666d5af0ba3082,Jamey-Lyn Horth,Katlyn Cerminara,,Women's Flyweight,,,,
UFC Fight Night: Buckley vs. Malott,"October 17, 2026","Edmonton, Alberta, Canada",http://ufcstats.com/event-details/55e94a9b525dcf45,http://ufcstats.com/fight-details/fb6b38c62d1a78be,Chad Anheliger,Steven Koslow,,Bantamweight,,,,
UFC Fight Night: Buckley vs. Malott,"October 17, 2026","Edmonton, Alberta, Canada",http://ufcstats.com/event-details/55e94a9b525dcf45,http://ufcstats.com/fight-details/f07778a744322922,Melissa Croden,Chelsea Chandler,,Women's Bantamweight,,,,
UFC Fight Night: Buckley vs. Malott,"October 17, 2026","Edmonton, Alberta, Canada",http://ufcstats.com/event-details/55e94a9b525dcf45,http://ufcstats.com/fight-details/0768a3792443212d,Cody Chovancek,SuYoung You,,Bantamweight,,,,
UFC 333: Volkanovski vs. Evloev,"October 24, 2026","Abu Dhabi, Abu Dhabi, United Arab Emirates",http://ufcstats.com/event-details/cc18abc046b382c9,http://ufcstats.com/fight-details/ce1388d6c7651d2e,Alexander Volkanovski,Movsar Evloev,,Featherweight,,,,
UFC 333: Volkanovski vs. Evloev,"October 24, 2026","Abu Dhabi, Abu Dhabi, United Arab Emirates",http://ufcstats.com/event-details/cc18abc046b382c9,http://ufcstats.com/fight-details/e262f5e588b149a6,Petr Yan,Merab Dvalishvili,,Bantamweight,,,,
UFC 333: Volkanovski vs. Evloev,"October 24, 2026","Abu Dhabi, Abu Dhabi, United Arab Emirates",http://ufcstats.com/event-details/cc18abc046b382c9,http://ufcstats.com/fight-details/b9004bd72276a190,Lone'er Kavanagh,Ramazan Temirov,,Flyweight,,,,
UFC 333: Volkanovski vs. Evloev,"October 24, 2026","Abu Dhabi, Abu Dhabi, United Arab Emirates",http://ufcstats.com/event-details/cc18abc046b382c9,http://ufcstats.com/fight-details/8788a6dda6e64aff,Alexander Volkov,Rizvan Kuniev,,Heavyweight,,,,
UFC 333: Volkanovski vs. Evloev,"October 24, 2026","Abu Dhabi, Abu Dhabi, United Arab Emirates",http://ufcstats.com/event-details/cc18abc046b382c9,http://ufcstats.com/fight-details/46a48a8fda212b35,Arnold Allen,Aaron Pico,,Featherweight,,,,
UFC 333: Volkanovski vs. Evloev,"October 24, 2026","Abu Dhabi, Abu Dhabi, United Arab Emirates",http://ufcstats.com/event-details/cc18abc046b382c9,http://ufcstats.com/fight-details/c6bcc7e9fb90da47,Azamat Murzakanov,Dominick Reyes,,Light Heavyweight,,,,
UFC 333: Volkanovski vs. Evloev,"October 24, 2026","Abu Dhabi, Abu Dhabi, United Arab Emirates",http://ufcstats.com/event-details/cc18abc046b382c9,http://ufcstats.com/fight-details/6193cd89b1cd9a9e,Nikita Krylov,Abdul Rakhman Yakhyaev,,Light Heavyweight,,,,
UFC 333: Volkanovski vs. Evloev,"October 24, 2026","Abu Dhabi, Abu Dhabi, United Arab Emirates",http://ufcstats.com/event-details/cc18abc046b382c9,http://ufcstats.com/fight-details/69aec85e917d47e6,Abus Magomedov,Cam Rowston,,Middleweight,,,,
UFC 333: Volkanovski vs. Evloev,"October 24, 2026","Abu Dhabi, Abu Dhabi, United Arab Emirates",http://ufcstats.com/event-details/cc18abc046b382c9,http://ufcstats.com/fight-details/c70b4b6a8a5a3abb,Grant Dawson,Nurullo Aliev,,Lightweight,,,,
UFC Fight Night: Moicano vs. Nolan,"October 31, 2026","Las Vegas, Nevada, USA",http://ufcstats.com/event-details/0a66de3a797cf73a,http://ufcstats.com/fight-details/6d7244be5589953c,Renato Moicano,Tom Nolan,,Lightweight,,,,
UFC Fight Night: Moicano vs. Nolan,"October 31, 2026","Las Vegas, Nevada, USA",http://ufcstats.com/event-details/0a66de3a797cf73a,http://ufcstats.com/fight-details/f9bda28454d49c78,Nick Klein,Joe Kropschot,,Middleweight,,,,
UFC Fight Night: Moicano vs. Nolan,"October 31, 2026","Las Vegas, Nevada, USA",http://ufcstats.com/event-details/0a66de3a797cf73a,http://ufcstats.com/fight-details/1bf2edb30de4c976,Lucia Szabova,Tainara Lisboa,,Women's Flyweight,,,,
UFC Fight Night: Bonfim vs. Brady,"November 07, 2026","Las Vegas, Nevada, USA",http://ufcstats.com/event-details/110404b505fb562c,http://ufcstats.com/fight-details/8f7e5ebb20694f22,Gabriel Bonfim,Sean Brady,,Welterweight,,,,
UFC 334: Gane vs. Hokit,"November 14, 2026","New York City, New York, USA",http://ufcstats.com/event-details/402ea3b5ee233852,http://ufcstats.com/fight-details/30dbf1eceb2e1f8d,Ciryl Gane,Josh Hokit,,Heavyweight,,,,
UFC 334: Gane vs. Hokit,"November 14, 2026","New York City, New York, USA",http://ufcstats.com/event-details/402ea3b5ee233852,http://ufcstats.com/fight-details/32112fd0aaf7fba2,Kayla Harrison,Amanda Nunes,,Women's Bantamweight,,,,
UFC 334: Gane vs. Hokit,"November 14, 2026","New York City, New York, USA",http://ufcstats.com/event-details/402ea3b5ee233852,http://ufcstats.com/fight-details/b8e1d974531a3d86,Caio Borralho,Yousri Belgaroui,,Middleweight,,,,
UFC 334: Gane vs. Hokit,"November 14, 2026","New York City, New York, USA",http://ufcstats.com/event-details/402ea3b5ee233852,http://ufcstats.com/fight-details/79c49d244eab9005,Uros Medic,Kevin Holland,,Welterweight,,,,
UFC 334: Gane vs. Hokit,"November 14, 2026","New York City, New York, USA",http://ufcstats.com/event-details/402ea3b5ee233852,http://ufcstats.com/fight-details/fdefe4d1a8ef2997,Bilal Hasan,Luis Gurule,,Flyweight,,,,
UFC 334: Gane vs. Hokit,"November 14, 2026","New York City, New York, USA",http://ufcstats.com/event-details/402ea3b5ee233852,http://ufcstats.com/fight-details/7c4d24762cdfdae5,Stephen Thompson,Charles Radtke,,Welterweight,,,,
UFC 334: Gane vs. Hokit,"November 14, 2026","New York City, New York, USA",http://ufcstats.com/event-details/402ea3b5ee233852,http://ufcstats.com/fight-details/f11b0e41c0c97900,Drew Dober,Chris Duncan,,Lightweight,,,,
UFC 334: Gane vs. Hokit,"November 14, 2026","New York City, New York, USA",http://ufcstats.com/event-details/402ea3b5ee233852,http://ufcstats.com/fight-details/cb2fd3afd5031f0d,Jim Miller,Terrance McKinney,,Lightweight,,,,
UFC 334: Gane vs. Hokit,"November 14, 2026","New York City, New York, USA",http://ufcstats.com/event-details/402ea3b5ee233852,http://ufcstats.com/fight-details/84a55182d520b9de,Donte Johnson,Baisangur Susurkaev,,Middleweight,,,,
UFC 334: Gane vs. Hokit,"November 14, 2026","New York City, New York, USA",http://ufcstats.com/event-details/402ea3b5ee233852,http://ufcstats.com/fight-details/f24ca8e51be2ba77,Bia Mesquita,Macy Chiasson,,Women's Bantamweight,,,,
UFC 334: Gane vs. Hokit,"November 14, 2026","New York City, New York, USA",http://ufcstats.com/event-details/402ea3b5ee233852,http://ufcstats.com/fight-details/9913aecc67755c7c,Adrian Yanez,Juan Diaz,,Bantamweight,,,,
UFC 334: Gane vs. Hokit,"November 14, 2026","New York City, New York, USA",http://ufcstats.com/event-details/402ea3b5ee233852,http://ufcstats.com/fight-details/349a6570cc687e83,Nazim Sadykhov,Jefferson Nascimento,,Lightweight,,,,
